CKD_number,diabetes_number,anycondition_number,70-79,COPD_number,county_pop2018_18 and older,POP_ESTIMATE_2018,TOT_POP,Total Population,Obesity_number,White-alone pop,50-59,60-69,High school diploma only 2014-18,40-49,Population Aged 60+,20-29,19-Oct,30-39
-0.15867855266244507,-0.1382010878468451,-0.12234836841918098,-0.3768510312798266,-0.03505929347101011,-0.0954405021970443,-0.11498427828796041,-0.11498427828796041,-0.13211374263136022,-0.1986250617512053,-0.2233192840240654,-0.27433481347800653,-0.18462450994423654,-0.297371773096851,-0.33796313391373106,-0.4174031927314223,0.3740911665815281,0.09670612237064177,-0.015263783499968653
1.323689861095626,1.618873365460323,1.7680577526977335,1.3475827957642457,1.5356921593886104,1.6217719030468334,1.6816136326078144,1.6816136326078144,1.6961895609073514,1.788732913792911,1.6736680352783102,1.712550717501634,1.5751021419711426,2.3193438228373697,1.7519106623672962,1.368215005295087,1.6581732545293966,2.0014292179618147,1.7924443009137312
-0.9314025130256949,-0.969637251066787,-0.9287804607706477,-0.9152918548547984,-0.9848159858977573,-0.7790637499330859,-0.7389910906656533,-0.7389910906656533,-0.7484680639901016,-0.9040121281757468,-0.7206108053988594,-0.6475062076213908,-0.8918757598025877,-0.8827346720046106,-0.7607501025692679,-0.8832514967518093,-0.7656915117676468,-0.639246460947139,-0.6360376574023571
-0.11136892243612366,-0.281552150470973,-0.1112021059125954,-0.06137689235704584,-0.414961970441709,0.024601280451951677,0.004816695707756913,0.004816695707756913,0.03956865001386681,-0.02587720874927677,0.01789617892083249,-0.02939606056536048,0.17129242572962056,-0.09450971828284327,-0.059542447238133706,0.1165984776258544,-0.09533855831548786,0.017275116682158823,-0.02982739344489272
-1.1364109106730877,-1.1826159726797771,-1.1795713671688233,-1.1714663436041242,-1.1406734943985568,-1.1421299878781561,-1.1354802272114795,-1.1354802272114795,-1.1258786925620758,-1.164649239722516,-1.1147396421748978,-1.1100082057682106,-1.1087865102991015,-1.1634629700805608,-1.2471269811445398,-1.0291798811437378,-1.0816889530407354,-1.1774320505099214,-1.1603276154196234
-1.4202686920310164,-1.3976425666159689,-1.470488818590707,-1.4466167204089555,-1.391506672142031,-1.4068100877055638,-1.3938336320022437,-1.3938336320022437,-1.4040581437647413,-1.4654426504320146,-1.4048443105559492,-1.3780000177785174,-1.357775611221156,-1.293240042183798,-1.3038423062080875,-1.5126678799807316,-1.4616165124904603,-1.3460203074813955,-1.3132455198413262
1.0792567715929655,1.3096446446568468,1.1366219816996603,0.9680650346541335,1.3554819151845607,0.876924672623442,0.8955108936759162,0.8955108936759162,0.8633119801423564,1.0159135714158625,0.8438437685580499,0.8783181414050336,0.576090657290016,0.7989029675647058,1.2483473216515553,0.6217351928286837,0.9969531751024715,0.8764268108637091,0.889500484328439
1.031947141366644,1.1273840078918842,0.6969019258148592,1.352326767778122,0.5713238255399131,0.5980748300780014,0.5927790411267383,0.5927790411267383,0.5629196921645528,0.5954089292401153,0.5640769057317798,0.472007974808762,0.6020588457297394,0.30984831690198017,0.4543327707618886,1.1076286045952148,0.4581136076136788,0.5457344606504332,0.29057202534343674
0.7875140518639834,0.596985076182611,0.814494995259337,0.7308664339603134,0.7515340697439626,0.6368411073254501,0.6200728282457626,0.6200728282457626,0.7069917362948885,0.6582952090609928,0.6441948987813353,0.6650773447516712,0.5470673878573838,0.5939918010859102,0.5385464352501866,0.7941231194455223,0.4033163634622762,0.3285149757064185,0.8203233370900497
0.7244345448955548,0.5826499699201981,0.8239693183899348,0.5838033015301449,0.21333861070213916,1.092946410664397,1.135946239747321,1.135946239747321,1.1315267942870157,1.309130321905978,1.1638849988581554,1.2457262707740027,0.9900541318291373,0.8583272058435566,1.0730454078187717,0.8502494211347256,1.0718427421093883,1.1033725414022317,1.2517702817084253
-1.4833481989994448,-1.4631744809584275,-1.558544292392733,-1.5154043146101632,-1.3525422950168313,-1.5920861575847491,-1.607600239514602,-1.607600239514602,-1.6031432883194845,-1.5563625730646085,-1.5984627937590414,-1.584036733463861,-1.533442768313403,-1.3984277743095797,-1.5014866208234807,-1.5022444239527366,-1.5931298984538267,-1.5891764473440984,-1.6718744147350812
1.4104241831772153,1.426373367079351,1.665512137637146,1.070060432952476,1.6745027528971348,1.7070577129912203,1.7628699454049097,1.7628699454049097,1.7343873362963742,1.5887090840012044,1.7783383165204711,1.7211956146632568,1.5185831436023327,1.9634814303858612,1.9787719626214866,1.3433590716898685,2.0910714833254773,1.9657663174486182,1.8051874596155397
1.4104241831772153,1.15605422041671,1.4737964225238742,1.6156172145482626,1.292164802356111,1.4771335858684218,1.389924304618242,1.389924304618242,1.416349336861685,1.3538326172003365,1.4356831365692815,1.3494650367134764,1.5231657650916959,1.2852254693410476,1.535361239397387,1.5975310379109746,1.261806521834251,1.130930237253338,1.4702244308822863
0.6613550379271262,0.43929890729607024,0.8847164490508262,1.0344806428484032,0.48121870343788836,1.177430159700216,1.1890753673454217,1.1890753673454217,1.1734613085727907,0.8030094192512048,1.2194507037151052,1.251489535548418,1.1183675335313004,0.6718580443478526,1.2895948307886806,0.8967540711057796,0.9640748286116299,1.1390354419154283,1.441097210992438
-0.008864723612427244,-0.19554151289649624,0.06546615481678605,0.3466047008363248,-0.39547978187910904,0.318422926623993,0.3365091315358995,0.3365091315358995,0.32667475524766243,0.33552948371528424,0.37735029289854194,0.23139167047692735,0.18198520920480082,-0.20857693428937285,0.30309190392576163,0.3483199231712793,0.3065078987947982,0.40632494046248346,0.43620812479267745
-0.7579338688625163,-0.6174032114760727,-0.755456078793242,-0.711301058258113,-0.47340853612950884,-0.8282568189919173,-0.8912945897802087,-0.8912945897802087,-0.9296999004825843,-0.8433988464206842,-0.9153061433472413,-0.8492204747259228,-0.8491046259018667,-0.7194887760431701,-0.5854481887364843,-0.8495757157382874,-0.7839572598181144,-0.9602125655659068,-0.9345916612733004
1.1344513401903404,1.416134005463342,1.1282622848197212,1.1981476773271391,1.4285401222943106,1.199887865140117,1.179699638945757,1.179699638945757,1.2122818737779388,1.113652488245901,1.2071745596188024,1.244285454580399,0.9121495665099668,1.455984774740044,1.3067812929291498,1.157340471805652,1.3604415613067757,1.0952673367401418,1.1352614021490326
0.5509659007323763,0.40653295012484103,0.5715064726157714,0.455716057155482,0.585935466961863,0.5127890201336146,0.5342328260088313,0.5342328260088313,0.5423676282324157,0.455240715181533,0.5578311482090995,0.46048144525993157,0.4691628225382134,0.3480984013113554,0.5437023738923272,0.6826723203769616,0.6882620330495699,0.45657720936744206,0.5308715894346838
-0.600235101441445,-0.6296904454152836,-0.6283886862181663,-0.67572126815404,-0.6536187803335584,-0.6290783600308882,-0.6039806017104796,-0.6039806017104796,-0.5954693658286356,-0.5630624183035194,-0.5866500750848178,-0.638861310459768,-0.6520519018592591,-0.5412160612066178,-0.5046718166762801,-0.7357195037401894,-0.6250452517790467,-0.43337426253005057,-0.532271936544773
-0.2611827514861415,-0.36756278804544973,-0.1853247515813895,-0.1301644865582537,-0.5269845546766587,-0.18072631214143117,-0.1064419479682658,-0.1064419479682658,-0.10118184843046685,-0.14180011010583407,-0.08849706991379212,-0.11296339979438089,-0.019650136327169727,-0.4319301057512601,-0.43248867568631044,0.056463154387422346,-0.27616946401511655,-0.11402919884370075,-0.21187251775644356
0.25922318100339414,0.31233082325755696,0.29953766745508326,0.44622811312772925,-0.005836010627110196,0.3002428793631206,0.26275340145853615,0.26275340145853615,0.2712464616125045,0.4309954024795079,0.23778991790899387,0.19681208183043616,0.32251893487859845,-0.28439406588652727,-0.10766454123144684,0.5199060454782721,0.3978366390471359,0.32040977104432844,0.04663155876595863
-0.3006074433414093,-0.12591385390763413,-0.41549507234238175,-0.3839669893006412,0.1305393093110894,-0.4903218228486413,-0.5054312787540026,-0.5054312787540026,-0.5381727027451015,-0.5289674473162967,-0.5500370137449673,-0.5207143825842564,-0.5588719315755455,-0.21472426928373672,-0.29671562477660557,-0.6435120081079269,-0.37115135387754783,-0.5111842272861155,-0.4812993017375388
-0.2532978131150879,-0.14229683249324873,-0.25331695287156153,-0.3839669893006412,-0.04236511418198509,-0.5119774673799746,-0.4739705012351273,-0.4739705012351273,-0.4495289522499239,-0.3622809224898744,-0.4669038274086007,-0.5898735598772388,-0.490132609235101,-0.18603670597670532,-0.6043532970910002,-0.34604260915514956,-0.6012997793134389,-0.3571853387064036,-0.47765839925130776
0.188258735663912,0.49663933234572144,0.29340722307646117,0.012154673858038404,0.7028285983374627,-0.0032034977117355846,-0.027269130371096077,-0.027269130371096077,-0.03786488379105422,0.19157293954701046,-0.012471124896337693,0.23571411905773876,0.10713572487853902,0.3289733591066678,0.11232217416655603,-0.17846550839738556,0.005123055962083652,-0.06215588900632413,-0.14451582176116975
0.19614367403496558,0.28366061073273136,0.24046247617017966,-0.021053130239096416,0.5372299955553632,-0.06656630948859983,-0.10665029748825834,-0.10665029748825834,-0.10263502466809271,0.20066493181026984,-0.12209493796683146,-0.019310347210133878,0.007845592609008072,0.09469159209924474,0.05904414153110221,-0.028528102456228298,-0.1939735977880126,-0.1853549998700936,-0.10264544316951306
0.3380725647139298,0.08092125073575045,0.536953058845356,0.31814086875306635,-0.25910446194090947,0.710630710913697,0.7269561320019418,0.7269561320019418,0.7092752989540149,0.8575613728307613,0.6299804161435109,0.4547181804855164,0.38362055473677137,0.21832132920811811,0.8238417067819716,0.4910410903238247,1.1759575059970535,0.5587027881097772,1.1498250120939568
1.2369555390140368,1.508288260007424,1.2519857986428211,0.9348572305569988,1.6745027528971348,1.2242170460333435,1.2447046891834332,1.2447046891834332,1.2423833815573317,1.3621669434416577,1.2571406198002455,1.3264119776158154,1.017549860765315,1.594641330724029,1.4477102824809953,0.9015648969648542,1.470036049609581,1.3951599092374753,1.1498250120939568
1.307919984353519,0.9225967755717015,1.134392729198343,1.5895253684719424,0.25717353496798906,1.6704302648332863,1.64369401996917,1.64369401996917,1.6459511824065716,1.2667010246774342,1.6596689235895439,1.8523098882812026,1.984482995020901,1.0222561390265932,1.4150560044141043,1.8332615050056282,1.1248134114557442,1.5053906926419005,1.7269080561615728
2.0491041912325545,2.423687188478641,2.0439277497357264,1.5895253684719424,2.5755539739173825,1.9158609028550642,2.0991460706728886,2.0991460706728886,2.1437678420961173,2.1433206120600277,2.1489917198491937,1.8609547854428254,1.6407863833186787,2.4170181455255957,2.1111077211030977,1.696152968022003,2.4271612474540802,2.445594433444352,1.848878289450312
-1.554312644338927,-1.4775095872208401,-1.5652320498966843,-1.6102837548876914,-1.4012477664233312,-1.591016743039992,-1.5971827635149745,-1.5971827635149745,-1.5900647021808518,-1.5768195556569422,-1.592432407185419,-1.5667469391406152,-1.4921991749091363,-1.5568924097198484,-1.5582019458870282,-1.5808212463176212,-1.6187019457244813,-1.5891764473440984,-1.6081586212260386
0.5825056542165905,0.6707084798178767,0.5937989976289425,0.39167243496815063,0.9901908796358119,0.34649505842386963,0.308381946336905,0.308381946336905,0.32522157901003657,0.5605562922309543,0.32307681373593994,0.5051467472616494,0.429446769630401,0.740844803729047,0.4715192329023576,0.30422068612976244,0.19873998529703965,0.20855794670748512,0.2614448054535886
0.054214783356001314,0.3676233759840063,0.1674544567520441,-0.27722761898842213,0.5128772598521133,-0.05961511494767801,0.005858443307719673,0.005858443307719673,-0.03392054828892687,0.23324457075361602,0.011219679500036208,0.07722433776132073,-0.24725367029886375,0.3617591457432751,0.21200365458127607,-0.35406065225360717,-0.0040098180631501215,0.13074798195142018,0.126731413463041
1.197530847158769,0.9737935836517472,1.3606618580820304,1.2194955513895829,0.5128772598521133,1.3918477759240349,1.2874163407819064,1.2874163407819064,1.3407841725051401,1.312160985993731,1.2569252488511875,1.1808895420618317,1.5292759270775131,0.8221262330989694,1.0885132237451938,1.538999323292234,1.261806521834251,1.2298137341308373,1.319126977703699
-0.6633146084098736,-0.5539191694568161,-0.5765585655625434,-0.40531486336308503,-0.731547534583958,-0.5830935346063286,-0.5608522510720214,-0.5608522510720214,-0.5350587536644748,-0.5607894202377046,-0.5685589153639505,-0.7426000763992416,-0.5863676605117233,-0.8724891136806708,-0.5631057879538747,-0.4029707151541986,-0.705414543201104,-0.5841310692449263,-0.4558129843339217
-0.08771410732296295,-0.029663854717148233,-0.03485020774248417,0.15447383427433048,0.15002149787368935,-0.06309071221813892,-0.09935806428851902,-0.09935806428851902,-0.11882755988735233,-0.12513145762319183,-0.09797339167234168,0.03832230053401813,0.10102556289272173,0.4088887140333981,0.09857300445418085,-0.09267244724388916,-0.2798226136252101,-0.11565023977611877,-0.16089988294920932
1.930830115666751,1.5144318769770297,1.489401190033094,2.009366891700004,0.7076991454781127,1.9206732683064716,1.8951718906001802,1.8951718906001802,1.9313965147973662,1.703116653313885,1.899376789891036,1.6635629669191048,2.279298310836585,1.6649941645484156,1.3806830801331662,2.453858040826247,1.5120472701256562,1.6561474993567764,1.863441899395236
-0.6317748549256593,-0.6686000195561184,-0.6824480593751064,-0.652001408084658,-0.7218064403026581,-0.7384259972323123,-0.7483668190653181,-0.7483668190653181,-0.7275008068472141,-0.6441326826509157,-0.7391327070178426,-0.7858245622073556,-0.5680371745542714,-0.6211314161333481,-0.7710619798535492,-0.4101869539428104,-0.9008580473411066,-0.7916243085944329,-0.7780328543653666
0.8190538053481976,0.9103095416324906,0.7949890358728123,0.7166345179186842,0.5518416369773131,0.6817565182052525,0.6886198203233121,0.6886198203233121,0.5977959218675736,0.8105860794705877,0.6368722865133651,0.6650773447516712,0.7364824094177198,0.4737772500850167,0.732753457437486,0.5880594118151617,0.4928185289095672,0.6608283668521125,0.8367073982780893
0.3380725647139298,0.3962935885088319,0.319043626841608,0.23037738649635292,0.5981118348134881,0.2868751975536556,0.3123405872167635,0.3123405872167635,0.30010238975964665,0.2961308505744935,0.3099391858434053,0.25156309718738057,0.15907210175798597,-0.010496140026537041,0.4766751715444983,0.16871575776582887,0.4544604580035853,0.28798895239596806,0.32880150144886244
-0.6869694235230343,-0.6788393811721275,-0.6055388480796658,-0.6852092121817928,-0.7997351945530579,-0.6165127391299912,-0.6158565243500551,-0.6158565243500551,-0.6126998840747708,-0.3774342429286401,-0.6189557174435095,-0.5610572360051628,-0.7192636837032493,-0.7864264237595766,-0.5631057879538747,-0.6186560745027082,-0.5684214328225973,-0.6538358293389012,-0.5431946440034661
1.6075476424535546,1.3157882616264525,1.5930614313443399,1.2194955513895829,1.5356921593886104,1.6939573848179446,1.8314169374824592,1.8314169374824592,1.878666977032085,1.5538564469920433,1.8526412939454622,1.4431180892977233,1.4040176063682586,0.9040906996904876,1.7639411858656244,1.3297283984224906,1.9741706958024852,2.225132866635501,2.174739061967988
-0.5844652246993378,-0.5211532122855869,-0.5520367880480551,-0.4978223176336749,-0.5683842053721836,-0.6453869318384357,-0.5856458439511351,-0.5856458439511351,-0.6104163214156445,-0.49563014235101227,-0.5875115588810497,-0.6431837590405793,-0.7482869531358814,-0.5494125078657697,-0.6713804994388292,-0.6619535072343793,-0.6560970234648416,-0.4382373853273046,-0.6105513399987399
-1.2862247397231055,-1.2030946959117954,-1.314998456623838,-1.3659691961730565,-1.1845084186644068,-1.3624293840981399,-1.3565390679235771,-1.3565390679235771,-1.3554805381069623,-1.343458420899951,-1.370815700604794,-1.2958734947431008,-1.3593031517176104,-1.4216510398438431,-1.4224288949773234,-1.4148477541795488,-1.3575017486027954,-1.303873243238527,-1.3314500322724812
-0.42676645727826645,-0.36756278804544973,-0.43945953673154076,-0.43140670943940523,-0.4953259982624338,-0.3732209301977276,-0.396464479797898,-0.396464479797898,-0.41257675649315195,-0.4395628567275793,-0.419091476717737,-0.25992665154196853,-0.36334674802939226,-0.6204483789117522,-0.29499697856255863,-0.45348438667448154,-0.4570003697147453,-0.3361118065849694,-0.36661087342126175
0.3774972565691977,0.3512403973983917,-0.09838390403002198,0.5671993994815775,0.037998913638739674,0.23848418940339217,0.26233670241855106,0.26233670241855106,0.11264265510591023,-0.06603350791200577,0.20914558168428726,0.14350188266709554,0.6830184920418185,0.23266511086163383,0.25668845614649544,0.3835993128044928,-0.10812458195081513,0.3593147534223609,0.09760419357319287
0.28287799611655484,0.2938999723487405,0.2895060311991562,0.3300007987877574,0.4787834298675634,0.24276184758242098,0.28087980969788817,0.28087980969788817,0.30466951507789936,0.11201800724349074,0.29098654232630616,0.18960800086241716,0.25530715303460827,0.60082217330187,0.17247479165819743,0.27936475252454385,0.3649582925562943,0.453335127502606,0.15767908459600463
-1.3019946164652128,-1.3013925674254831,-1.3495518703942533,-1.2449979098192083,-1.3330601064542313,-1.3249998750316379,-1.3419546015240984,-1.3419546015240984,-1.327870189592071,-1.3896760482381862,-1.332048929774364,-1.2785837004198553,-1.2294622095189929,-1.2222041711378155,-1.3330592918468847,-1.209585850859034,-1.337409425747281,-1.3962725763863542,-1.4261134969144877
-1.041791650220445,-1.02902554843964,-1.0246383183272838,-0.877340078743787,-0.8922755902254076,-0.990807829795012,-1.031097117695211,-1.031097117695211,-1.0399336979367748,-1.1002476278577622,-1.0242838435705612,-0.9025306738892634,-0.8888206788096791,-0.91347134697643,-1.009953803606068,-1.0107383820172853,-1.0013196616186781,-1.127179781604963,-0.9928461010529966
-0.2296429980019272,-0.17096704501807433,-0.2516450134955737,-0.1396524305860065,-0.013141831338085176,-0.4079769029023367,-0.42188312123698934,-0.42188312123698934,-0.43686555932204135,-0.3243976213929603,-0.4641040050708474,-0.39248174135351815,-0.24419858930595512,-0.005714879475365142,-0.4617056613251077,-0.32198847985977674,-0.6122592281437195,-0.5030790226240254,-0.5086060703842714
-0.008864723612427244,0.058394655180530344,-0.055470793379667496,0.3157688827461282,-0.23718699980798452,-0.01469970406787551,0.016067569787354716,0.016067569787354716,-0.029353422970674156,-0.14634610623746377,-0.0854818766269809,-0.03083687675896428,-0.051728486752710495,-0.5398499867634259,-0.06985432452241509,0.02759819923297496,-0.11360430636595541,0.2247683560316653,0.05027246125218965
-0.7342790537493556,-0.8119510821802463,-0.7560133919185712,-0.782460638466259,-0.8192173831156578,-0.7670328363045674,-0.7700351691445435,-0.7700351691445435,-0.787911419011375,-0.7161109547350526,-0.760885172872695,-0.7872653784009594,-0.5787299580294517,-0.8028193170778803,-0.7676246874254554,-0.7100617658251249,-0.8716328504603587,-0.8256661681752112,-0.7834942080947132
-0.6711995467809271,-0.601020232890458,-0.6852346250017528,-0.806180498535641,-0.6560540539038833,-0.598600045505308,-0.6264823498696753,-0.6264823498696753,-0.6207961516844007,-0.5721544105667788,-0.6895973887345154,-0.7166653849143731,-0.6978781167528888,-0.7795960515436168,-0.6266956978736098,-0.7036473313463589,-0.42594859802895046,-0.37987991176025593,-0.5395537415172351
-0.5213857177309092,-0.6112595945064672,-0.5765585655625434,-0.3673630872520738,-0.43931470614495893,-0.5149183573780569,-0.5262662307532578,-0.5262662307532578,-0.5234333437634678,-0.6592860030896813,-0.508255049627726,-0.5783470303284084,-0.5191558786677332,-0.6778235055258149,-0.4634243075391546,-0.43023206168895445,-0.5373696611368025,-0.550089209664148,-0.46127433806326823
1.1107965250771796,1.15605422041671,1.1589145067128315,1.3902785438891334,1.2410240573792861,0.9057988653318865,0.9300969139946798,0.9300969139946798,0.9421986901849033,0.9848492645163928,0.8724881047827565,0.7111834629469929,0.884653837573789,1.166376992783346,0.883994324273613,1.2535569889871432,0.7631516000564869,0.9866575942681344,0.760248446067238
0.7480893600087155,1.000415923853371,0.7370284708385673,0.8043980001753976,1.1387425674256364,0.6496740818625365,0.5984044781665372,0.5984044781665372,0.5122661204530228,0.5901052670865473,0.5334942309655517,0.8206854936608816,0.6830184920418185,0.7367465803994712,0.8049365984274557,0.5375457402948788,0.5823206943568582,0.49386115081305654,0.48900121084302717
-1.0812163420757128,-1.098653207428502,-0.935468218274599,-1.1263986094722982,-1.074921107999782,-1.0335844115853001,-1.0754755654536245,-1.0754755654536245,-1.0748099276397955,-0.9055274602196234,-1.0697271138217874,-0.9371102625357546,-1.049212430937383,-1.0166099674374238,-1.107916637806741,-0.985080644102221,-1.0323714333044731,-1.1741899686450854,-0.9364121125164159
-0.3163773200835165,-0.3982808728934772,-0.26000471037551287,-0.45749855551572544,-0.2055284433937596,-0.2390094048306987,-0.2245761258040427,-0.2245761258040427,-0.24338552311242637,-0.31379029708582434,-0.18519862604080922,-0.09567360547113529,-0.27627693973149586,-0.18193848264712942,-0.18844091329165102,-0.33642095743700046,-0.2268519442788542,-0.219396859450872,-0.16272033419232484
1.7731313482456796,2.126745701614376,1.823231752105332,1.9382073114918579,2.0884992598523837,2.029753551871706,2.008097330436143,2.008097330436143,2.040592329224681,1.9993640678917537,2.035706600644715,2.3263384159768528,2.016561345446442,2.3903796938833524,2.157511168882364,1.8092073757102554,1.8700559319148202,2.0711339780557894,1.9508235590647804
0.11729429032442988,0.20379359012786008,0.08441480107798154,0.22088944246860012,-0.010706557767760182,0.01658067136627266,-0.04852078141033637,-0.04852078141033637,-0.08540450642195747,-0.04633419134161041,-0.08246668334016967,0.15358759602232214,0.2568346935310626,-0.005031842253769157,0.00920340132374219,0.1574904974279882,-0.26155686557474256,-0.1513131402893152,-0.19366800532528847
-1.1916054792704627,-1.1211798029837223,-1.2196979121925313,-1.2212780497498263,-0.9702043444758074,-1.284362122330864,-1.3094520764052604,-1.3094520764052604,-1.3039965799739317,-1.295725461517839,-1.3034045935496574,-1.2238326850629109,-1.2355723715048104,-1.0357350096421114,-1.193848948509086,-1.2240183284362576,-1.3739409218482161,-1.4124829857105343,-1.3514749959467518
-0.16656349103349866,-0.2876957674405785,-0.13182269154977871,-0.2131839968010907,-0.46366744184820885,-0.025661203151636836,-0.03560311117079815,-0.03560311117079815,-0.048867503875935754,-0.02587720874927677,-0.06049884653625933,-0.2484001219931381,0.017010835587734006,-0.3875326863475211,-0.13344423444215028,0.14385982416061027,0.17316793802638508,0.02700136227666694,-0.0899022844677045
1.7731313482456796,2.0612137872719174,1.993212255330762,1.9595551855543016,2.020311599883284,1.9733419346357637,1.966427426437633,1.966427426437633,1.912712820313605,2.216056550166103,2.0057700387256605,1.9603711028014876,1.9050508892052764,1.8569276238168875,2.2760977576515997,1.7161980757681472,1.952251798141924,2.032228995677757,1.856160094422774
1.4813886285166975,1.473474430512993,1.157799880462173,1.278795201563038,1.7621726014288346,0.9852028952801087,0.9901015757525348,0.9901015757525348,0.9934750517125588,1.0030332490429117,0.9588518553549922,1.077150776122358,1.0007469153043176,1.0010819851571175,0.8049365984274557,1.1276737123413587,0.6827823086344297,0.8634584834043649,0.993266205186023
0.9373278809140011,0.7669584790083627,0.9387758222077662,1.5468296203470546,0.7637104375955875,0.8672999417206272,0.7548749676809436,0.7548749676809436,0.8145267778792024,0.7613377880445993,0.7495112928706701,0.673722241913294,1.1825242343823819,1.0017650223787136,0.665726255089657,1.3930709389003055,0.48185908007928663,0.38200932647621316,0.563639711810763
-0.7579338688625163,-0.7976159759178335,-0.8368237950913167,-0.8299003586050231,-0.8386995716782578,-0.7378912899599337,-0.7554507027450649,-0.7554507027450649,-0.7449389216987244,-0.7532365898100285,-0.7335330623423361,-0.6792041638806744,-0.7146810622138864,-0.5200419073371423,-0.8432451208435189,-0.6050254012353303,-0.7729978109878338,-0.8418765774993915,-0.6669853285353207
0.3459575030849834,0.6133680547682255,0.41100029252093906,0.3228848407669428,0.6760405890638879,0.37082423931709596,0.35859418065511,0.35859418065511,0.3509635580765519,0.34462147597854365,0.3816577118797008,0.4057304299029872,0.44777725558785286,0.5243220044831196,0.5626074822468432,0.2849773826934642,0.3028547491847047,0.2750206249366239,0.334262855178209
0.19614367403496558,0.23860741962229115,0.3513677881107062,0.21377348444778552,0.36189029849196375,0.6010157200760837,0.6302819547253976,0.6302819547253976,0.5874160915988175,0.27112787185053017,0.6752083154456793,0.7327957058510498,0.2568346935310626,0.7415278409506431,0.832434937852206,0.08131908799264093,0.8398677418684506,0.8861530564582172,0.6692258839114625
-0.2848375665993022,-0.3798500219846607,-0.27728141726072053,-0.45987054152266366,-0.5099376396843838,-0.2547832693658674,-0.2991652539613763,-0.2991652539613763,-0.23238290302754483,-0.21302071616803267,-0.34586535403803587,-0.41121235187036753,-0.15254615951869577,-0.5535107311953456,-0.36374282712443456,-0.29633074194471243,-0.10264485753567487,-0.2583018418289045,-0.23917928640317618
-0.8367832525730521,-0.8017117205642371,-0.8602309463551464,-0.993567393083759,-0.6195249503490085,-0.884133728955481,-0.8460827439418249,-0.8460827439418249,-0.8495676108077866,-0.971444404128254,-0.8371264888392074,-0.9097347548572824,-1.0278268639870225,-0.6989976593952905,-0.856994290555894,-0.988287861341604,-0.712720842421291,-0.8661921914856617,-0.7671101469066737
-0.9865970816230699,-0.8897702304619157,-0.9516302989091482,-0.9129198688478601,-0.9288046937802825,-1.044278557032872,-1.07672566257358,-1.07672566257358,-1.0743947344290452,-0.9343187690532782,-1.0807110322237428,-1.0120327046031523,-0.9438121366820347,-1.005681371891888,-1.1818184250107577,-0.8511793243579788,-1.1036078507012965,-1.1790530914423394,-1.0474596383464618
-0.489845964246695,-0.6481212963241001,-0.48683115238452945,-0.40768684937002325,-0.6584893274742083,-0.4186710483499087,-0.364378653719045,-0.364378653719045,-0.3615079915708716,-0.28499898825216957,-0.35361870820412183,-0.45155520529127396,-0.5313762026393677,-0.5193588701155463,-0.5442006795993588,-0.3596732824225275,-0.3839373775128751,-0.1610393858838233,-0.45035163060457517
2.056989129603608,2.38887335898421,2.196631546075949,1.8290959551727006,2.609647803901932,1.8097215092879118,1.8335004326823847,1.8335004326823847,1.8356944797194343,2.008456060155013,1.8278736348037985,1.8667180502172407,1.7996505949499282,2.1376559218928377,1.8275310957853597,1.4123142423366037,1.8791888059400539,1.9025457210843153,1.7542148248083056
0.4563466402797334,0.22632018568308018,0.30901199058568096,0.23512135851022933,0.003905083654189775,0.6023524882570302,0.6565339942444592,0.6565339942444592,0.6567533577941086,0.479486027883558,0.6543173333870587,0.45327736429191257,0.5302644423963863,0.4676299150906529,0.41824120026690376,0.6987084065738768,0.7266201039555518,0.7402593725405955,0.6583031764527695
-1.0733314037046593,-1.016738314500429,-1.176784801542177,-1.0362631412086465,-0.8581817602408577,-1.2279505050949215,-1.2359046958478894,-1.2359046958478894,-1.231960557908764,-1.2055632049071834,-1.218979181518943,-1.2209510526757033,-1.2004389400863609,-1.0876458384834062,-1.2247845803619302,-1.1462433103812188,-1.2533869847151304,-1.2584840971308224,-1.276836494979016
-0.07982916895190938,-0.22625959774452367,-0.08389376277146073,-0.3246673391271862,-0.3565154047539092,0.022195097726247972,0.00773358898765264,0.00773358898765264,0.018601392870979346,-0.06679117393394406,-0.0034255450359040214,-0.1316940103112303,0.0017354306231907833,-0.4332961801944521,-0.18156632843546341,-0.1287536411869484,0.2626701034736761,0.06752738558711742,0.10306554730253939
1.8835204854404295,2.1349371909071833,1.9642319728136397,1.867047731283712,2.334461890455208,1.6608055339304713,1.6245258641298552,1.6245258641298552,1.5570998353060188,1.6205310569226123,1.534969144084994,1.6577997021446895,1.590377546935686,2.1342407357848576,1.8155005722870314,1.5061253465885578,1.7714208924422954,1.460001546534196,1.5812719567123321
-1.6804716582757842,-1.5962861819665461,-1.674465422461223,-1.735999013255416,-1.4937881620956808,-1.7107911720527986,-1.6992740283113248,-1.6992740283113248,-1.7196049839349288,-1.6927424570134995,-1.6915030437520735,-1.6949795803713534,-1.693834520441107,-1.6108523502259313,-1.6561647800877013,-1.7564163901738428,-1.649753717410276,-1.644291839046311,-1.6645926097626194
-0.08771410732296295,0.11983082487658517,0.018094539163797333,-0.1538843466276357,0.25960880853831403,-0.0954405021970443,-0.09831631668855627,-0.09831631668855627,-0.11654399722822598,0.07792303625626801,-0.06803682975328738,-0.032277692952568084,-0.0028471908661721833,0.06463795434902136,-0.01657629188696127,-0.3324119358877716,-0.049674188189318985,-0.21291269572119992,-0.09354318695393551
-0.2532978131150879,-0.18939789592689077,-0.09113883340074136,-0.29857549305086595,-0.022882925619385146,-0.16388303306150526,-0.17373884292586003,-0.17373884292586003,-0.14581511858611837,-0.11300880127217931,-0.22482688066747103,-0.2498409381867419,-0.46721950178828614,0.02024053494528231,-0.31046479448898073,-0.4166013884215765,0.434368135148071,0.07239050838437149,-0.17364304165101788
-1.1521807874151948,-1.1621372494477589,-1.239203871579056,-1.0457510852363994,-1.118756032265632,-1.2324955169101397,-1.2446553756875767,-1.2446553756875767,-1.238603649280768,-1.2237471894337022,-1.2364242283926365,-1.3059592080983276,-1.1408648607246423,-1.2563560322176146,-1.209316764435508,-1.1237927897055375,-1.196763165758681,-1.2033687054286097,-1.3532954471898673
2.332961972590483,2.8578361209974283,2.4256872405862824,2.066294555866521,2.8848337173486565,2.180808356318661,2.116022381792285,2.116022381792285,2.112628351289849,2.200145563705399,2.1457611556133247,2.657726140505727,2.401501550552931,2.321392934502158,2.2846909887218345,2.0040458230027753,1.9504252233368773,1.9998081770293965,1.9581053640372426
0.25922318100339414,0.3819584822464191,0.13122910360564097,-0.0020772421835908044,0.3716313927732637,0.02593804863289818,-0.0033089355719526097,-0.0033089355719526097,0.023376114794607182,-0.08194449437270972,-0.09151226320060334,-0.02507361198454908,-0.018122595830715408,-0.013228288912920983,0.3598072289893093,0.07891367506310365,0.05626715050339278,-0.060534848073906106,-0.06259551582097186
-1.4518084455152305,-1.373068098737547,-1.4364927179456208,-1.5201482866240397,-1.1942495129457067,-1.4760546794785927,-1.4684227601595774,-1.4684227601595774,-1.476301762435284,-1.531359594340645,-1.4636405796487681,-1.4702122541691607,-1.4280424740580548,-1.237914027234523,-1.4138356639070888,-1.5062534455019654,-1.3995129691188708,-1.4076198629132801,-1.4971110953959925
0.921558004171894,0.7546712450691516,1.0452226291456586,0.960949076633319,0.9098268518150872,1.0055217716304956,1.0223957513513804,1.0223957513513804,1.067794636436853,0.7583071239568462,1.0617991690046897,1.041130371282263,0.8724335136021545,0.8897469180369719,1.0730454078187717,0.8863306150777848,0.9494622301712559,0.9720682258763722,1.1662090732819963
0.9057881274297869,0.7526233727459498,0.842360651525801,0.9894129087165774,0.266914629249289,0.8943026589757466,0.8790512815965046,0.8790512815965046,0.9104364095625094,1.1666891097815808,0.8813183136941322,0.8999303843090907,1.0526832921837646,0.7019116820980759,0.35808858277526234,1.2768093139726702,0.6535571117536816,0.782406436783464,0.7274803236911588
0.866363435574519,0.7300967771907297,1.0368629322657195,0.9182533285084313,0.8172864561427374,1.0977587761158043,1.0584402183100918,1.0584402183100918,1.120108980991384,1.0136405733500475,1.0740753131009926,1.215469130708323,1.0603209946660361,0.8501307591844047,1.2294422132970393,0.865483703021795,1.0426175452286404,0.9769313486736263,1.2281044155479235
-1.4518084455152305,-1.4242649068175928,-1.4097416879298155,-1.370713168186933,-1.3428012007355312,-1.4485172549510947,-1.4675893620796072,-1.4675893620796072,-1.4522205562117698,-1.3851300521065566,-1.455671854533624,-1.3549469586808567,-1.438735257533235,-1.3041686377293338,-1.448208588188027,-1.4220639929681607,-1.4360444652198059,-1.5356820965743037,-1.4224725944282566
-0.9787121432520164,-1.0536000163180619,-1.0458162170897962,-0.8417602886397141,-1.128497126546932,-0.9726277825341396,-0.9725509025773039,-0.9725509025773039,-1.0083790139197562,-0.9812940624134516,-0.9665644292230321,-1.043730660862436,-0.9300642722139458,-1.050761828517223,-0.9841741103953645,-0.9409814070607041,-1.0451574569398003,-1.065580226173078,-0.8490304528468715
0.46423157865078696,0.2898042277023368,0.616648835767443,0.5600834414607629,0.3765019399139137,0.7237310390869728,0.6888281698433047,0.6888281698433047,0.7223538850926476,0.5219153251121018,0.7156980538685729,0.8077181479184474,0.6417748986375518,0.3043840191292123,0.7808755514307991,0.5816449773363956,0.6608634109738686,0.5197978057317448,0.8330664957918582
-1.7987457338415875,-1.6904883088338303,-1.768094027516542,-1.8735742016578316,-1.6082460199009556,-1.8016914083571607,-1.7884476228681372,-1.7884476228681372,-1.7901878297624707,-1.7980580340629209,-1.7886353417772065,-1.821771405408488,-1.812982679164544,-1.7283347523404406,-1.6355410255191387,-1.9071556004248458,-1.688111788316258,-1.71075451727545,-1.7738196843495497
0.18037379729285843,0.017437208716493798,0.004161711030565357,0.1853096523645271,-0.19822262268278465,0.18180521853126044,0.18524738002130683,0.18524738002130683,0.20585353091934064,0.04079740118129214,0.19019293816718813,0.3625059440948732,0.17129242572962056,0.007262827734958584,0.060762787745149115,0.37317585677649784,-0.044194463774178724,0.2750206249366239,-0.10446589441262856
0.5351960239902691,0.3225701848735661,0.6484156839112118,0.31339689673918997,0.5761943726805631,0.7173145518184295,0.8392565232779272,0.8392565232779272,0.8159799541168282,0.46584803948866893,0.878303120407321,0.5685426597802166,0.5104064159424802,0.21763829198652213,0.7224415801532046,0.5423565661539533,0.9220636080955545,1.1471406465775182,1.1079546335023
-0.600235101441445,-0.400328745216679,-0.5208272530296155,-0.4812184155851075,-0.3467743104726092,-0.5044915655666742,-0.5054312787540026,-0.5054312787540026,-0.5213573777097166,-0.5092681307459014,-0.48521035807852597,-0.39968582232153715,-0.5665096340578171,-0.2898583636592951,-0.3259326104154028,-0.562529772813505,-0.562941708407457,-0.5160473500833695,-0.4922220091962319
0.8269387437192511,0.6686606074946749,0.7275541477079696,0.8779295663904819,0.8538155596976122,0.6552885082225118,0.5992378762465074,0.5992378762465074,0.6484494935791038,0.5469183038360652,0.622011691028367,0.652109999009237,0.6509401416162778,0.976492645179662,0.700099179370595,0.8277989004590443,0.523870300595362,0.451714086570188,0.5090261745172978
0.3932671333113048,0.5908414592130055,0.3340910812254985,0.45334407114854386,0.7247460604703877,0.27751782028703004,0.25858641105868513,0.25858641105868513,0.29761123049514515,0.2165759182709738,0.2696648183695697,0.22130595712170076,0.22933896459488481,0.8098315631102416,0.32887159713646513,0.3338874455940556,0.3594785681411541,0.16316880059978056,0.18862675572896828
-1.0654464653336055,-0.9798766126827961,-1.0904012671161387,-1.0552390292641523,-0.9969923537493823,-1.1167313924401725,-1.1192289646520606,-1.1192289646520606,-1.1074025946836898,-1.0957016317261323,-1.1153857550220718,-1.135942897253079,-0.997276054057936,-1.098574434028942,-1.1663506090843356,-1.0299816854535835,-1.151098795632512,-1.0866537582945124,-1.1220981393141978
-0.16656349103349866,-0.293839384410184,-0.1295934390484616,-0.12304852853743907,-0.39304450830878407,-0.11121436673221302,-0.09664952052861585,-0.09664952052861585,-0.11571361080672549,-0.022846544661523638,-0.06782145880422945,-0.1288123779240227,-0.05478356774561914,-0.011862214469729012,-0.17297309736522892,-0.013293820569158843,-0.16657497571231128,-0.13348169003271698,-0.1135681506282061
-1.5858523978231411,-1.4979883104528584,-1.5919830799124897,-1.5913078668321856,-1.4207299549859311,-1.6046517784856462,-1.6451031531132614,-1.6451031531132614,-1.6361511485741291,-1.60864152857835,-1.6404601288253406,-1.5854775496574647,-1.4967817963984993,-1.5869460474700716,-1.5822629928836849,-1.6225150704296007,-1.6241816701396214,-1.7464174177886462,-1.5917745600379989
0.49577133213500124,0.3983414608320337,0.5793088563703813,0.3655805888918304,0.610288202665113,0.5280281773964047,0.4906877763303879,0.4906877763303879,0.5253447065916556,0.4628173754009158,0.509372684671062,0.587273270297066,0.41722644565876643,0.8228092703205654,0.731034811223439,0.3242657938759064,0.6773025842192893,0.33986226223334465,0.4999239183017202
-0.3006074433414093,-0.22216385309812,-0.3385858610469412,-0.22267194082884353,-0.071588397025885,-0.418938401986098,-0.40542350915757774,-0.40542350915757774,-0.3884955502696376,-0.484265152021938,-0.41284571919505664,-0.45875928625929296,-0.5252660406535504,-0.11568387215231882,-0.3018715634187462,-0.3516552393240699,-0.30904781050595814,-0.387985116422346,-0.5268105828154265
-0.22175805963087364,-0.1238659815844323,-0.13739582280307153,-0.26536768895373114,-0.3224215747693593,-0.2379399902859415,-0.20144932908486946,-0.20144932908486946,-0.1912787751632704,-0.049364855429363544,-0.19898236678051767,-0.28874297541404453,-0.14643599753287848,0.01067801384293851,-0.3912411665491849,-0.07182553518789939,-0.40220312556334264,-0.18373395893767558,-0.14997717549051628
-0.26906768985719504,-0.2057808745125054,-0.2889849928926354,-0.2701116609676076,-0.015577104908410168,-0.3491591029406906,-0.4000064216377714,-0.4000064216377714,-0.37811572000088145,-0.35243126420467674,-0.40143105889498554,-0.1979715552170051,-0.3465438025683947,-0.2809788797785473,-0.29843427099065245,-0.431835670308646,-0.3839373775128751,-0.4447215490569767,-0.42850621568718905
-1.570082521081034,-1.5164191613616749,-1.5852953224085384,-1.596051838846062,-1.430471049267231,-1.6386056902816875,-1.6423946093533581,-1.6423946093533581,-1.644247416183759,-1.5889422120079546,-1.6294762104233853,-1.6603999917248624,-1.580796523703487,-1.5036155064353616,-1.5839816390977317,-1.6425601781757448,-1.6570600166304632,-1.6053868566682785,-1.5462632789601112
-0.9865970816230699,-1.0085468252076217,-0.9142903195120865,-0.877340078743787,-1.0140392687416573,-0.9084629098487075,-0.8794186671406332,-0.8794186671406332,-0.912469382236449,-0.8274878599599802,-0.8662015669620299,-0.8967674091148482,-0.9560324606536693,-0.8895650442205705,-0.8123094889906748,-0.9040984088077991,-0.9465224174672755,-0.8370134547021374,-0.8672349652780266
-0.09559904569401652,-0.2283074700677255,-0.0660597427609238,-0.21792796881496712,-0.3272921219100093,-0.05934776131148871,-0.024977285651178006,-0.024977285651178006,-0.024371104441671197,0.07489237216851487,0.006050776722645539,0.029677403372395328,-0.15865632150451306,-0.03918370333356844,-0.19187820571974482,0.05967037162680539,-0.0021832432581033664,0.14695839127560037,-0.16272033419232484
2.2462276505088936,2.284431870500917,1.7736308839510262,2.085270443922026,1.7402551392959098,1.6268516221344302,1.5903565428510766,1.5903565428510766,1.5564770454898933,1.7069049834235765,1.5011559050828966,1.3177670804541928,1.5094179006236068,1.0147427295890372,1.1417912563806476,2.0056494316224667,1.8152586877634176,1.8879563526925531,1.4065086373732434
-0.39522670379405217,-0.4679085318823393,-0.5760012524372141,0.005038715837223799,-0.6073485824973834,-0.4970056637533738,-0.5558518625922002,-0.5558518625922002,-0.5504209024622339,-0.5016914705265185,-0.562743899739386,-0.46452255103370815,-0.2930798851924934,-0.720854850486362,-0.6730991456528761,-0.1632312265103161,-0.7474257637171793,-0.801350554188941,-0.6851898409664757
-0.1981032445177129,-0.3347968308742205,-0.1033997221579855,-0.28434357700923674,-0.4612321682778839,-0.20104518849181802,-0.2020743776448471,-0.2020743776448471,-0.1752938365493859,-0.02587720874927677,-0.178306755670955,-0.1922082904425899,-0.030342919802349985,-0.24546094425555606,-0.3620241809103876,0.03802165526096985,-0.39489682634315565,-0.24857559623439635,-0.33748365353141363
1.0477170181087512,0.906213796986087,1.1683888298434293,0.8423497762864088,0.5445358162663382,1.2680630423683887,1.3292945943004093,1.3292945943004093,1.358845077172776,1.6349267113394397,1.3699949971066083,1.5627058333668387,1.34444352700654,1.459399960848024,1.1435099025946944,1.2046469260865518,1.1047210886002299,1.4648646693314502,1.2026180981443064
0.9609826960271619,0.6768520967874823,0.7013604308174934,0.8850455244112965,0.3740666663435887,1.1194144206471377,1.1344877931073731,1.1344877931073731,1.163911864725535,0.8552883747649463,1.138471226869318,0.8725548766306185,1.1244776955171176,0.6424874438192252,0.966489342547864,1.317701333774804,1.0773224665245287,1.036909863173093,1.4356358572630916
-0.0009797852413736742,-0.0870042797667994,0.04317362980361489,-0.2036960527733379,0.11105712074848946,0.031285121356684195,0.024818249627041895,0.024818249627041895,0.024621694426857924,-0.1402847780619575,0.04826348273800267,0.05417127866365993,0.07200229346008961,0.05985669379784947,0.1260713438789312,-0.14879874893309242,0.027041953622644707,-0.10754503511402867,0.16314043832535116
-0.947172389767802,-0.9553021448043743,-0.8680333301097563,-0.9437556869380568,-0.9872512594680823,-0.7606163490360242,-0.7773274023442829,-0.7773274023442829,-0.776286009110368,-0.7676322442268558,-0.7852220901162428,-0.9327878139549433,-0.8124436539869629,-1.0371010840853034,-0.9979232801077397,-0.8191071519641484,-0.4168157240037167,-0.6197939697581227,-0.5741423151364298
0.700779729782394,0.45568188588168484,0.5191190388348191,0.6051511755925887,-0.06184730274458503,0.7838856072295654,0.8173798236787092,0.8173798236787092,0.834040858784464,0.8075554153828346,0.7798785966878403,0.8278895746289007,0.8479928656588853,0.5243220044831196,0.5797939443873121,0.9400515038374507,0.6462508125334946,0.7548487409323577,0.8075801783882411
-0.9787121432520164,-0.9798766126827961,-1.031326075831235,-0.8986879528062309,-0.760770817427858,-1.1472097069657528,-1.1731914903301315,-1.1731914903301315,-1.153073847866217,-1.0994899618358238,-1.1655671861525727,-1.15899595635074,-1.215714345050904,-0.9838241808008165,-0.9772995255391769,-1.1141711379873884,-1.1675379688779328,-1.23578952407697,-1.1166367855848511
-0.6948543618940878,-0.7320840615753751,-0.6568116556099596,-0.4978223176336749,-0.5732547525128335,-0.748852789043695,-0.8292064328224282,-0.8292064328224282,-0.7999520221231322,-0.7183839528008674,-0.8110666040031961,-0.6258939647173337,-0.5726197960436344,-0.5015999023540506,-0.8380891822013782,-0.5537099254052016,-0.8844188740956859,-1.1336639453346349,-0.961898429920033
-0.41888151890721287,-0.5047702336999722,-0.48070070800590736,-0.37922301728676483,-0.5635136582315335,-0.3705473938358346,-0.3129163222808847,-0.3129163222808847,-0.30296574885508676,-0.353188930226615,-0.287069084945217,-0.3233225640605357,-0.4198657463982022,-0.2666350981250316,-0.43248867568631044,-0.33642095743700046,-0.3912436767330621,-0.19021812266734767,-0.3247404948296051
-0.40311164216510575,-0.5027223613767704,-0.4478192336114799,-0.369735073259012,-0.748594449576233,-0.2841921693466905,-0.27062136972239664,-0.27062136972239664,-0.2871884068465774,-0.27590699598891016,-0.2588554906186263,-0.30315113735008253,-0.2518362917882267,-0.37865320246677325,-0.36030553469634075,-0.27949285143795144,-0.2871289128453971,-0.3571853387064036,-0.23189748143071415
1.765246409874626,1.6557350672779558,1.6354172288693651,1.8504438292351444,2.051970156297509,1.5469128849138294,1.486598481894786,1.486598481894786,1.36548816854478,1.6781136745899217,1.4447287164297151,1.63906909162784,1.7767374875031132,1.5331679807803904,1.4786459143338395,1.4291521328433647,1.4042793566278977,1.2525083071846896,1.6286036890333355
-1.4360385687731234,-1.4160734175247853,-1.480520454846634,-1.3612252241591802,-1.3379306535948814,-1.5011859212803869,-1.51842664495779,-1.51842664495779,-1.5178210835103088,-1.4980222893753607,-1.502838092377314,-1.4702122541691607,-1.4036018261147858,-1.5398164791799487,-1.4739882813987302,-1.4164513627992403,-1.547465528327658,-1.553513546830902,-1.6008768162535765
-0.87620794442832,-0.9327755492491541,-0.91150375388544,-0.8465042606535905,-0.9361105144912575,-0.8314650626261888,-0.8017042961834114,-0.8017042961834114,-0.7920633511188775,-0.8782514834298452,-0.7860835739124745,-0.8564245556939418,-0.7849479250507851,-0.7652522698901011,-0.9154282618334886,-0.7260978520220401,-0.838754503969517,-0.7705507764729986,-0.7507260857186341
-0.6238899165546057,-0.7689457633930079,-0.6986101400096555,-0.5571219678071299,-0.768076638138833,-0.5344351728198758,-0.4673033165953656,-0.4673033165953656,-0.4607391689401806,-0.47744615782449346,-0.4414900554197632,-0.49189805871218034,-0.44736147533438,-0.6423055700028237,-0.6524753910843133,-0.39495267205574097,-0.6341781258042805,-0.3263855609904613,-0.6087308887556244
-0.9235175746546413,-0.9532542724811724,-0.8697052694857441,-0.8797120647507253,-0.7826882795607829,-0.8918869844049708,-0.8952532306600672,-0.8952532306600672,-0.8740640102420513,-0.9078004582854382,-0.8810621624470281,-0.8953265929212444,-0.8720177333486816,-0.9387437241754815,-0.7435636404287989,-0.9273507337933261,-0.8880720237057794,-0.888886764539514,-0.9109257951127988
-0.8840928827993735,-0.8139989545034482,-0.905373309506818,-0.9674755470074388,-0.5903016675051085,-0.9787769161664934,-0.9656753684175498,-0.9656753684175498,-0.939456940935215,-0.976748066281822,-0.9691488806117274,-0.9342286301485471,-0.940757055689126,-0.9544535802721891,-0.8466824132716128,-1.038801532861887,-0.9227769450016677,-0.9245496650527104,-0.9801029423511881
0.25133824263234056,0.09730422932136507,0.6495303101618705,0.4106483230236562,-0.19091680197180966,0.5983421837141908,0.6423662268849657,0.6423662268849657,0.6335025379920948,1.0424318821837022,0.5974594028357613,0.29911003157630595,0.45083233658076155,-0.1498357332321181,0.3391834744207465,0.530329501506267,1.0280049467882664,0.7580908227971936,0.7638893485534689
-0.14290867592033793,-0.17096704501807433,-0.19424176158665798,-0.07086483638479864,0.0063403572245147675,-0.20264931030895383,-0.16144622124629948,-0.16144622124629948,-0.1389644306087393,-0.34712760205110876,-0.17033803055581104,-0.35646133651342315,-0.3648742885258466,-0.1785232965391495,-0.42217679840202904,-0.09828507741280948,0.07818604816395384,-0.1513131402893152,-0.17000213916478688
-0.26906768985719504,-0.37370640501505525,-0.30403244727652595,-0.3388992551688154,-0.4855849039811338,-0.26280387845154646,-0.23791049508356601,-0.23791049508356601,-0.24795264843067907,-0.32591295343683685,-0.22698059015805047,-0.3002695049628749,-0.2503087512917724,-0.38548357468273314,-0.3946784589772787,-0.2947271333250209,-0.36749820426745433,-0.2112916547887819,-0.03710919841735475
-1.057561526962552,-0.9573500171275761,-0.983397147052917,-1.0623549872849667,-0.9896865330384074,-1.0172758397777528,-1.018179447455673,-1.018179447455673,-1.001320729337002,-0.9449260933604141,-1.0199764245894023,-0.955840873052604,-1.001858675547299,-1.000900111340716,-0.8535569981278003,-1.1430360931418357,-1.076209228625595,-0.9148234194582023,-1.0092301622410362
-0.5608104095861771,-0.5232010846087887,-0.5826890099411655,-0.5239141637099951,-0.39791505544943406,-0.6796081972706661,-0.6746110889879547,-0.6746110889879547,-0.6631458591809258,-0.6464056807167305,-0.6880897920911098,-0.6921715096231086,-0.5756748770365431,-0.2536573909147079,-0.7555941639271272,-0.5031962538849187,-0.7693446613777404,-0.6959828935817697,-0.8217236842001389
0.6140454077008047,0.45158614123528124,0.6812971583056393,0.9040214124668021,0.1646331392956393,0.7948471063133267,0.802170308719253,0.802170308719253,0.839023177313467,0.8954446739276753,0.8386748657806592,0.6218528589435572,0.898401702041878,0.6575142626943369,0.6605703164475163,1.1076286045952148,0.5896269935770452,0.869942647134037,0.8658346181679374
1.0004073878824298,0.9082616693092888,1.1678315167181,1.1222441251051167,1.014543615339062,1.4110972377296647,1.441386636056402,1.441386636056402,1.36548816854478,0.9295396449148982,1.4341755399258758,1.3624323824559106,1.3337507435313598,1.122662610601203,1.636761366026154,1.106826800285369,1.4426374275338796,1.4729698739935402,1.6668331651387611
-0.3400321351966772,-0.35937129875264245,-0.3842855373239421,-0.5286581357238715,-0.4709732625591838,-0.20826373666892914,-0.11123398692809448,-0.11123398692809448,-0.14228597629474127,-0.272876331901157,-0.10723434248183329,-0.23975522483151532,-0.4290309893769281,-0.2666350981250316,-0.3139020869170745,-0.23779902732597186,-0.058807062214552765,0.009169912020068727,-0.12084995560066814
-0.6948543618940878,-0.7054617213737513,-0.6679579181165451,-0.7089290722511749,-0.7948646474124079,-0.5627746582559418,-0.5481429303524757,-0.5481429303524757,-0.5554032209912368,-0.6009457194004336,-0.5276384350429411,-0.4674041834209157,-0.5695647150507257,-0.5910777783831248,-0.5768549576662498,-0.5865839021088778,-0.5921669052882051,-0.46579508117841095,-0.532271936544773
-0.9314025130256949,-0.8590521456138883,-0.9622192482904045,-1.0030553371115118,-0.6925831574587582,-0.9897384152502549,-0.9665087664975199,-0.9665087664975199,-0.9749559604543612,-1.0366036820149462,-0.9613955264456414,-0.9904204616990953,-0.9896383515756644,-0.8116988009586281,-1.0116724498201148,-0.9706481665249972,-0.9976665120085847,-0.9034761329312762,-0.8271850379294854
-1.0812163420757128,-1.0310734207628418,-1.1277412465132004,-0.7445088623552478,-0.8874050430847576,-1.1124537342611438,-1.149647994570973,-1.149647994570973,-1.1304458178803285,-1.2040478728633068,-1.1354152532844606,-1.1229755515106448,-1.1378097797317337,-0.9646991385961289,-1.042608081672959,-0.9578192975674651,-1.1401393468022316,-1.2909049157791828,-1.2094797989837422
-1.0812163420757128,-0.9819244850059979,-0.9850690864289049,-1.1904422316596297,-0.9799454387571074,-1.0440112033966829,-1.095685468892902,-1.095685468892902,-1.090587269648305,-1.0131160353348596,-1.126585044373085,-1.0898367790577574,-1.2569579384551708,-1.0234403396533835,-0.9291774315458637,-1.2817482387451524,-0.7382928896919455,-1.2795576292522566,-0.9273098563008384
